hospital_name,phone_number,street_address,suburb,postcode,state,local_hospital_network_lhn,brisbane,primary_health_network_area_phn,website,description,sector,beds,geometry,inundation
Brisbane Private Hospital,07 3834 6111,259 Wickham Terrace,Brisbane,4000,Qld,NA,Brisbane,NA,www.brisbaneprivatehospital.com.au,NA,Private,100-199,"c(502237.121463012, 6962086.84635303)",not inundated
Caboolture Hospital,07 5433 8888,McKean Street,Caboolture,4510,Qld,Metro North (Qld),Brisbane,Brisbane North,www.health.qld.gov.au/services/metronorth/metronorth_cabool_hosp.asp,Medium metropolitan hospital with an emergency department,Public,200-500,"c(496393.431308511, 7004617.49993076)",not inundated
Canossa Private Hospital,07 3717 5555,169 Seventeen Mile Rocks Road,Oxley,4075,Qld,NA,Brisbane,NA,http://www.canossa.org.au/,NA,Private,50-99,"c(496417.907828865, 6952123.34218059)",not inundated
Greenslopes Private Hospital,07 3394 7111,Newdegate Street,Greenslopes,4120,Qld,NA,Brisbane,NA,www.greenslopesprivate.com.au,NA,Private,>500,"c(504636.037243511, 6956736.57301352)",not inundated
Holy Spirit Northside Private Hospital,07 3326 3000,627 Rode Road,Chermside,4032,Qld,NA,Brisbane,NA,hsnph.org.au,NA,Private,200-500,"c(502247.117700075, 6970291.05843835)",not inundated
Logan Hospital,07 3299 8899,Corner of Armstrong and Loganlea Roads,Meadowbrook,4131,Qld,Metro South (Qld),Brisbane,Brisbane South,www.health.qld.gov.au/services/metrosouth/logan-hosp.asp,Large metropolitan hospital with an emergency department,Public,200-500,"c(513977.656580639, 6939325.79616638)",not inundated
Mater Adult Hospital,07 3163 8111,Raymond Terrace,South Brisbane,4101,Qld,Not applicable,Brisbane,Brisbane South,http://www.mater.org.au/mhb,Large metropolitan hospital with an emergency department,Public,200-500,"c(502776.170776617, 6959790.3204438)",not inundated
Mater Children's Private Brisbane,07 3163 8111,Raymond Terrace,South Brisbane,4101,Qld,NA,Brisbane,NA,http://www.mater.org.au/Home/Hospitals/Mater-Children-s-Private-Brisbane,NA,Private,50-99,"c(502710.296418533, 6959861.00445382)",not inundated
Mater Mothers' Hospital,07 3163 1918,Raymond Terrace,South Brisbane,4101,Qld,Not applicable,Brisbane,Brisbane South,www.mater.org.au/Home/Hospitals/Mater-Mothers--Hospital,Specialist women's hospital,Public,100-199,"c(502667.310330284, 6959796.1044821)",not inundated
Mater Mothers' Private Brisbane,07 3163 8111,Raymond Terrace,South Brisbane,4101,Qld,NA,Brisbane,NA,www.matermothers.org.au/mmpb,NA,Private,100-199,"c(502740.990635709, 6959734.5018407)",not inundated
Mater Private Hospital Brisbane,07 3163 8111,301 Vulture Street,South Brisbane,4101,Qld,NA,Brisbane,NA,www.mater.org.au,NA,Private,200-500,"c(502842.791098444, 6959957.8954753)",not inundated
North West Private Hospital,07 3246 3133,137 Flockton Street,Everton Park,4053,Qld,NA,Brisbane,NA,www.northwestprivatehospital.com.au,NA,Private,100-199,"c(499278.764688552, 6969925.27347548)",not inundated
Princess Alexandra Hospital,07 3176 2111,199 Ipswich Road,Woolloongabba,4102,Qld,Metro South (Qld),Brisbane,Brisbane South,www.health.qld.gov.au/services/metrosouth/pa-hosp.asp,Major hospital with an emergency department,Public,>500,"c(503313.04899671, 6958248.97497322)",not inundated
Queen Elizabeth II Jubilee Hospital,07 3275 6111,Corner of Kessels and Troughton Roads,Coopers Plains,4108,Qld,Metro South (Qld),Brisbane,Brisbane South,www.health.qld.gov.au/services/metrosouth/qeii-hosp.asp,Large metropolitan hospital with an emergency department,Public,200-500,"c(504822.63512851, 6951572.39855856)",not inundated
Queensland Childrenâ€™s Hospital,07 3068 1111,501 Stanley Street,South Brisbane,4101,Qld,Children's Health Queensland,Brisbane,Brisbane South,www.childrens.health.qld.gov.au/lcch/,Specialist children's hospital with an emergency department,Public,200-500,"c(502639.282175258, 6959921.3878907)",not inundated
Redcliffe Hospital,07 3883 7777,Anzac Avenue,Redcliffe,4020,Qld,Metro North (Qld),Brisbane,Brisbane North,www.health.qld.gov.au/services/metronorth/metronorth_redc_hosp.asp,Large metropolitan hospital with an emergency department,Public,200-500,"c(510420.739234759, 6988277.0764683)",not inundated
Redland Hospital,07 3488 3111,Weippin Street,Cleveland,4163,Qld,Metro South (Qld),Brisbane,Brisbane South,www.health.qld.gov.au/services/metrosouth/redland-hosp.asp,Medium metropolitan hospital with an emergency department,Public,100-199,"c(524820.426328868, 6953728.19763699)",not inundated
Royal Brisbane & Women's Hospital,07 3646 8111,Butterfield Street,Herston,4006,Qld,Metro North (Qld),Brisbane,Brisbane North,www.health.qld.gov.au/services/metronorth/metronorth_rbwh.asp,Major hospital with an emergency department,Public,>500,"c(502755.889642209, 6964056.61089838)",not inundated
St Andrew's War Memorial Hospital,07 3834 4444,457 Wickham Terrace,Spring Hill,4000,Qld,NA,Brisbane,NA,www.uchealth.com.au/sawmh,NA,Private,200-500,"c(502076.038205061, 6962478.102039)",not inundated
St Vincent's Private Hospital Brisbane,07 3240 1111,411 Main Street,Kangaroo Point,4169,Qld,NA,Brisbane,NA,www.svphb.org.au,NA,Private,100-199,"c(503499.368840637, 6961136.3951583)",not inundated
Sunnybank Private Hospital,07 3344 9444,245 McCullough Street,Sunnybank,4109,Qld,NA,Brisbane,NA,www.sunnybankprivatehospital.com.au,NA,Private,100-199,"c(506026.209225744, 6950146.49895269)",not inundated
The Park Centre For Mental Health,07 3271 8222,Corner of Ellerton Drive and Wolston Park Road,Wacol,4076,Qld,West Moreton,Brisbane,Brisbane South,www.health.qld.gov.au/services/westmoreton/the-park.asp,Specialist psychiatric hospital,Public,100-199,"c(491142.819628393, 6947057.43156239)",not inundated
The Prince Charles Hospital,07 3139 4000,Rode Road,Chermside,4032,Qld,Metro North (Qld),Brisbane,Brisbane North,www.health.qld.gov.au/services/metronorth/metronorth_tpch.asp,Major hospital with an emergency department,Public,>500,"c(502170.694905852, 6970312.22833547)",not inundated
The Wesley Hospital,07 3232 7000,451 Coronation Drive,Auchenflower,4066,Qld,NA,Brisbane,NA,www.uchealth.com.au/wesley,NA,Private,>500,"c(499799.5511422, 6960582.94812131)",not inundated
Toowong Private Hospital,07 3721 8000,496 Milton Road,Toowong,4066,Qld,NA,Brisbane,NA,www.toowongprivatehospital.com.au,NA,Private,50-99,"c(499135.56286343, 6960690.91689364)",not inundated
