,,Australian Bureau of Statistics,,,
,,,,,
,,"2021 Census - counting persons, 15 years and over",,,
,,SA2 (EN) by SEXP Sex,,,
,,Counting: Person Records,,,
,,,,,
,,Filters:,,,
,,Default Summation,Person Records,,
,,,,,
,,SEXP Sex,Male,Female,Total
SA4,SA3,SA2 (EN),,,
Brisbane East,Capalaba,Alexandra Hills,6403,6725,13135
Brisbane East,Capalaba,Belmont - Gumdale,2981,3046,6021
Brisbane East,Capalaba,Birkdale,5916,6375,12290
Brisbane East,Capalaba,Capalaba,7034,7680,14711
Brisbane East,Capalaba,Thorneside,1468,1618,3092
Brisbane East,Capalaba,Wellington Point,4580,4960,9544
Brisbane East,Cleveland-Stradbroke,Cleveland,6257,7413,13671
Brisbane East,Cleveland-Stradbroke,Ormiston,2452,2839,5293
Brisbane East,Cleveland-Stradbroke,Redland Bay,6757,7082,13840
Brisbane East,Cleveland-Stradbroke,Sheldon - Mount Cotton,3131,3202,6329
Brisbane East,Cleveland-Stradbroke,Thornlands,7180,7804,14981
Brisbane East,Cleveland-Stradbroke,Victoria Point,5785,6822,12604
Brisbane East,Cleveland-Stradbroke,North Stradbroke Island,1120,1090,2211
Brisbane East,Cleveland-Stradbroke,Southern Moreton Bay Islands,3798,3760,7554
Brisbane East,Wynnum-Manly,Brisbane Port - Lytton,18,0,22
Brisbane East,Wynnum-Manly,Manly - Lota,3053,3245,6297
Brisbane East,Wynnum-Manly,Manly West,4377,4893,9271
Brisbane East,Wynnum-Manly,Murarrie,1869,1986,3856
Brisbane East,Wynnum-Manly,Tingalpa,3411,3674,7088
Brisbane East,Wynnum-Manly,Wakerley,3268,3517,6781
Brisbane East,Wynnum-Manly,Wynnum,5676,6106,11780
Brisbane East,Wynnum-Manly,Wynnum West - Hemmant,5913,6545,12461
Brisbane North,Bald Hills-Everton Park,Bald Hills,2990,3110,6102
Brisbane North,Bald Hills-Everton Park,Bridgeman Downs,3991,4325,8317
Brisbane North,Bald Hills-Everton Park,Carseldine,3724,4338,8062
Brisbane North,Bald Hills-Everton Park,Everton Park,3827,4236,8056
Brisbane North,Bald Hills-Everton Park,McDowall,3000,3262,6260
Brisbane North,Chermside,Aspley,4990,5573,10559
Brisbane North,Chermside,Chermside,4889,5863,10745
Brisbane North,Chermside,Chermside West,2538,2770,5308
Brisbane North,Chermside,Geebung,1778,1823,3605
Brisbane North,Chermside,Kedron - Gordon Park,5561,6093,11648
Brisbane North,Chermside,Stafford,2729,2896,5620
Brisbane North,Chermside,Stafford Heights,2718,3056,5776
Brisbane North,Chermside,Wavell Heights,3837,4153,7991
Brisbane North,Nundah,Boondall,3863,3915,7777
Brisbane North,Nundah,Brisbane Airport,459,305,771
Brisbane North,Nundah,Eagle Farm - Pinkenba,907,988,1893
Brisbane North,Nundah,Northgate - Virginia,2823,2836,5664
Brisbane North,Nundah,Nudgee - Banyo,4168,4380,8548
Brisbane North,Nundah,Nundah,5603,5907,11514
Brisbane North,Sandgate,Bracken Ridge,6629,7078,13712
Brisbane North,Sandgate,Brighton (Qld),3663,3995,7661
Brisbane North,Sandgate,Deagon,1500,1559,3063
Brisbane North,Sandgate,Sandgate - Shorncliffe,2701,2969,5669
Brisbane North,Sandgate,Taigum - Fitzgibbon,5089,6237,11321
Brisbane North,Sandgate,Zillmere,3710,4013,7725
Brisbane South,Carindale,Camp Hill,4475,4864,9346
Brisbane South,Carindale,Cannon Hill,2737,2837,5572
Brisbane South,Carindale,Carina,4335,5210,9544
Brisbane South,Carindale,Carina Heights,2634,3186,5820
Brisbane South,Carindale,Carindale,6453,7066,13524
Brisbane South,Holland Park-Yeronga,Annerley,5048,5188,10237
Brisbane South,Holland Park-Yeronga,Coorparoo,7122,7879,15003
Brisbane South,Holland Park-Yeronga,Fairfield - Dutton Park,2170,2127,4295
Brisbane South,Holland Park-Yeronga,Greenslopes,4584,4842,9427
Brisbane South,Holland Park-Yeronga,Holland Park,3227,3642,6867
Brisbane South,Holland Park-Yeronga,Holland Park West,2511,2692,5212
Brisbane South,Holland Park-Yeronga,Woolloongabba,4388,4203,8590
Brisbane South,Holland Park-Yeronga,Yeronga,4123,4444,8564
Brisbane South,Mt Gravatt,Eight Mile Plains,6155,6260,12414
Brisbane South,Mt Gravatt,Macgregor (Qld),2608,2528,5141
Brisbane South,Mt Gravatt,Mansfield (Qld),3343,3625,6965
Brisbane South,Mt Gravatt,Mount Gravatt,6104,6737,12848
Brisbane South,Mt Gravatt,Rochedale - Burbank,4069,4304,8372
Brisbane South,Mt Gravatt,Upper Mount Gravatt,4569,4773,9346
Brisbane South,Mt Gravatt,Wishart,4176,4729,8910
Brisbane South,Nathan,Coopers Plains,2526,2405,4931
Brisbane South,Nathan,Moorooka,4263,4507,8772
Brisbane South,Nathan,Robertson,2128,2032,4162
Brisbane South,Nathan,Salisbury - Nathan,3032,3046,6081
Brisbane South,Nathan,Tarragindi,4024,4289,8310
Brisbane South,Rocklea-Acacia Ridge,Algester,3402,3596,7001
Brisbane South,Rocklea-Acacia Ridge,Calamvale - Stretton,8571,9294,17861
Brisbane South,Rocklea-Acacia Ridge,Pallara - Willawong,3703,3844,7544
Brisbane South,Rocklea-Acacia Ridge,Parkinson - Drewvale,5911,6352,12263
Brisbane South,Rocklea-Acacia Ridge,Rocklea - Acacia Ridge,3824,3911,7734
Brisbane South,Sunnybank,Kuraby,3372,3569,6944
Brisbane South,Sunnybank,Runcorn,5698,5701,11399
Brisbane South,Sunnybank,Sunnybank,3875,3738,7616
Brisbane South,Sunnybank,Sunnybank Hills,7212,7461,14674
Brisbane West,Centenary,Jindalee - Mount Ommaney,2967,3191,6159
Brisbane West,Centenary,Middle Park - Jamboree Heights,2727,2903,5626
Brisbane West,Centenary,Riverhills,1540,1638,3177
Brisbane West,Centenary,Seventeen Mile Rocks - Sinnamon Park,3697,4137,7837
Brisbane West,Centenary,Westlake,1693,1841,3532
Brisbane West,Kenmore-Brookfield-Moggill,Bellbowrie - Moggill,3864,4175,8041
Brisbane West,Kenmore-Brookfield-Moggill,Brookfield - Kenmore Hills,2649,2895,5536
Brisbane West,Kenmore-Brookfield-Moggill,Chapel Hill,4059,4325,8390
Brisbane West,Kenmore-Brookfield-Moggill,Fig Tree Pocket,1621,1695,3315
Brisbane West,Kenmore-Brookfield-Moggill,Kenmore,3487,3801,7285
Brisbane West,Kenmore-Brookfield-Moggill,Pinjarra Hills - Pullenvale,2227,2337,4567
Brisbane West,Sherwood-Indooroopilly,Chelmer - Graceville,2854,3112,5968
Brisbane West,Sherwood-Indooroopilly,Corinda,1998,2225,4227
Brisbane West,Sherwood-Indooroopilly,Indooroopilly,5273,5587,10863
Brisbane West,Sherwood-Indooroopilly,Sherwood,2375,2835,5206
Brisbane West,Sherwood-Indooroopilly,St Lucia,5400,5453,10851
Brisbane West,Sherwood-Indooroopilly,Taringa,3692,3982,7675
Brisbane West,The Gap-Enoggera,Enoggera,3730,3607,7337
Brisbane West,The Gap-Enoggera,Enoggera Reservoir,15,13,30
Brisbane West,The Gap-Enoggera,Keperra,2709,3274,5985
Brisbane West,The Gap-Enoggera,Mitchelton,3295,3691,6984
Brisbane West,The Gap-Enoggera,Mount Coot-tha,0,0,0
Brisbane West,The Gap-Enoggera,The Gap,6344,6906,13251
Brisbane West,The Gap-Enoggera,Upper Kedron - Ferny Grove,4189,4562,8751
Brisbane Inner City,Brisbane Inner,Brisbane City,7746,7234,14986
Brisbane Inner City,Brisbane Inner,Fortitude Valley,4934,4230,9159
Brisbane Inner City,Brisbane Inner,Highgate Hill,2720,2788,5505
Brisbane Inner City,Brisbane Inner,Kangaroo Point,4687,4523,9207
Brisbane Inner City,Brisbane Inner,New Farm,5450,5701,11145
Brisbane Inner City,Brisbane Inner,South Brisbane,7297,7496,14787
Brisbane Inner City,Brisbane Inner,Spring Hill,4202,3452,7653
Brisbane Inner City,Brisbane Inner,West End,6170,6676,12851
Brisbane Inner City,Brisbane Inner-East,Balmoral,1696,1880,3577
Brisbane Inner City,Brisbane Inner-East,Bulimba,2869,3119,5987
Brisbane Inner City,Brisbane Inner-East,East Brisbane,2778,2612,5390
Brisbane Inner City,Brisbane Inner-East,Hawthorne,1915,2141,4058
Brisbane Inner City,Brisbane Inner-East,Morningside - Seven Hills,5452,6071,11519
Brisbane Inner City,Brisbane Inner-East,Norman Park,2651,2795,5442
Brisbane Inner City,Brisbane Inner-North,Albion,1810,1977,3784
Brisbane Inner City,Brisbane Inner-North,Alderley,2611,2702,5312
Brisbane Inner City,Brisbane Inner-North,Ascot,2407,2534,4936
Brisbane Inner City,Brisbane Inner-North,Clayfield,4269,4704,8972
Brisbane Inner City,Brisbane Inner-North,Grange,1653,1813,3460
Brisbane Inner City,Brisbane Inner-North,Hamilton (Qld),3036,3055,6096
Brisbane Inner City,Brisbane Inner-North,Hendra,1866,2020,3890
Brisbane Inner City,Brisbane Inner-North,Kelvin Grove - Herston,4630,4765,9391
Brisbane Inner City,Brisbane Inner-North,Newmarket,2095,2137,4230
Brisbane Inner City,Brisbane Inner-North,Newstead - Bowen Hills,8541,8713,17253
Brisbane Inner City,Brisbane Inner-North,Wilston,1607,1623,3229
Brisbane Inner City,Brisbane Inner-North,Windsor,3343,3443,6784
Brisbane Inner City,Brisbane Inner-North,Wooloowin - Lutwyche,4456,4764,9221
Brisbane Inner City,Brisbane Inner-West,Ashgrove,5244,5459,10702
Brisbane Inner City,Brisbane Inner-West,Auchenflower,2667,2647,5314
Brisbane Inner City,Brisbane Inner-West,Bardon,3697,4146,7844
Brisbane Inner City,Brisbane Inner-West,Paddington - Milton,4995,5215,10217
Brisbane Inner City,Brisbane Inner-West,Red Hill (Qld),2417,2564,4981
Brisbane Inner City,Brisbane Inner-West,Toowong,5330,5487,10817
,,Total,526198,559602,1085792
,,,,,
,,"Dataset: Census of Population and Housing, 2021, TableBuilder",,,
,,,,,
,,INFO,Cells in this table have been randomly adjusted to avoid the release of confidential data. No reliance should be placed on small cells.,,
,,,,,
,,,,,
,,"Copyright Commonwealth of Australia, 2021, see abs.gov.au/copyright",,,
,,"ABS data licensed under Creative Commons, see abs.gov.au/ccby",,,
