,HCFMD Family Household Composition (Dwelling),,One family household: Couple family with no children,One family household: Couple family with children,One family household: One parent family,One family household: Other family,Two family household: Couple family with no children,Two family household: Couple family with children,Two family household: One parent family,Two family household: Other family,Three or more family household: Couple family with no children,Three or more family household: Couple family with children,Three or more family household: One parent family,Three or more family household: Other family,Lone person household,Group household,Visitors only household,Other non-classifiable household,Not applicable,Total
SA4,SA3,SA2,,,,,,,,,,,,,,,,,,
Brisbane East,Capalaba,Alexandra Hills,1479,2041,763,57,36,54,36,0,0,4,3,0,996,159,24,155,334,6128
Brisbane East,Capalaba,Belmont - Gumdale,591,1055,219,31,22,34,11,0,0,0,0,0,276,55,38,70,171,2576
Brisbane East,Capalaba,Birkdale,1457,1899,501,45,25,60,27,0,3,4,0,0,924,118,14,111,313,5500
Brisbane East,Capalaba,Capalaba,1654,2105,748,61,41,74,48,0,3,4,0,0,1462,198,30,137,360,6931
Brisbane East,Capalaba,Thorneside,403,371,220,16,10,11,5,0,0,0,0,0,443,50,12,62,105,1710
Brisbane East,Capalaba,Wellington Point,1142,1578,454,45,25,25,31,0,0,0,0,0,575,82,14,73,258,4292
Brisbane East,Cleveland-Stradbroke,Cleveland,1777,1431,665,46,24,41,21,0,0,0,0,0,1793,152,51,181,629,6824
Brisbane East,Cleveland-Stradbroke,Ormiston,654,718,202,26,10,13,11,0,0,0,0,0,480,46,10,44,249,2450
Brisbane East,Cleveland-Stradbroke,Redland Bay,1575,2032,516,26,29,56,32,0,0,0,5,0,674,114,22,198,329,5618
Brisbane East,Cleveland-Stradbroke,Sheldon - Mount Cotton,718,1209,199,13,6,43,16,0,0,3,0,0,228,47,10,61,139,2675
Brisbane East,Cleveland-Stradbroke,Thornlands,1365,2052,452,48,31,54,26,7,0,0,0,0,619,89,29,121,302,5193
Brisbane East,Cleveland-Stradbroke,Victoria Point,1775,1686,533,34,27,45,37,0,5,3,3,0,1180,115,25,146,422,6022
Brisbane East,Cleveland-Stradbroke,Redland Islands,1322,468,460,39,5,8,20,0,0,0,0,0,1513,226,238,235,1932,6459
Brisbane East,Wynnum-Manly,Brisbane Port - Lytton,0,0,0,0,0,0,0,0,0,0,0,0,0,0,0,0,0,9
Brisbane East,Wynnum-Manly,Manly - Lota,765,874,265,31,8,7,9,0,0,0,0,0,747,90,30,96,286,3224
Brisbane East,Wynnum-Manly,Manly West,1019,1502,507,58,16,25,26,0,0,0,0,0,745,115,18,113,245,4401
Brisbane East,Wynnum-Manly,Murarrie,335,489,186,23,4,20,13,0,0,0,0,0,218,88,14,89,115,1590
Brisbane East,Wynnum-Manly,Tingalpa,827,1044,384,35,14,27,14,0,0,0,0,0,646,146,16,105,217,3477
Brisbane East,Wynnum-Manly,Wakerley,615,1537,269,24,4,16,12,0,0,0,0,0,237,48,13,65,161,2993
Brisbane East,Wynnum-Manly,Wynnum,1212,1523,579,65,29,36,20,0,0,0,0,0,1396,165,30,200,421,5679
Brisbane East,Wynnum-Manly,Wynnum West - Hemmant,1282,1742,721,73,27,29,25,0,0,0,0,0,1282,190,31,173,378,5950
Brisbane North,Bald Hills-Everton Park,Bald Hills,631,958,303,41,23,22,9,0,0,3,0,0,411,78,17,58,159,2712
Brisbane North,Bald Hills-Everton Park,Bridgeman Downs,751,1253,184,18,22,21,13,0,0,0,0,0,323,32,8,50,174,2852
Brisbane North,Bald Hills-Everton Park,Carseldine,978,1051,293,47,12,28,17,0,0,0,0,0,694,129,10,71,224,3571
Brisbane North,Bald Hills-Everton Park,Everton Park,950,958,362,55,3,20,18,0,0,0,0,0,956,212,26,92,348,3999
Brisbane North,Bald Hills-Everton Park,McDowall,712,1105,222,23,11,21,6,0,0,0,0,0,379,78,9,66,125,2756
Brisbane North,Chermside,Aspley,1332,1439,426,60,17,25,16,0,3,0,0,0,1320,162,35,174,298,5306
Brisbane North,Chermside,Chermside,947,666,402,95,12,16,7,4,0,0,0,0,1605,322,34,201,475,4798
Brisbane North,Chermside,Chermside West,657,793,227,41,9,19,9,0,0,0,0,0,418,93,6,36,136,2440
Brisbane North,Chermside,Geebung,424,523,175,24,4,16,3,0,0,0,0,0,322,77,5,38,103,1712
Brisbane North,Chermside,Kedron - Gordon Park,1270,1552,459,100,11,12,14,3,0,0,0,0,1569,348,24,255,538,6159
Brisbane North,Chermside,Stafford,668,590,316,61,0,6,6,0,0,0,0,0,871,200,18,94,315,3145
Brisbane North,Chermside,Stafford Heights,745,761,305,39,4,13,3,4,0,0,0,0,599,92,18,96,165,2838
Brisbane North,Chermside,Wavell Heights,848,1331,370,54,9,12,6,0,0,0,0,0,779,140,18,99,280,3952
Brisbane North,Nundah,Boondall,871,1050,381,40,21,43,22,0,0,0,0,0,716,135,10,69,188,3553
Brisbane North,Nundah,Brisbane Airport,12,14,0,0,0,0,0,0,0,0,0,0,8,3,0,5,7,47
Brisbane North,Nundah,Eagle Farm - Pinkenba,131,48,29,0,0,3,0,0,0,0,0,0,140,24,5,44,132,554
Brisbane North,Nundah,Northgate - Virginia,608,731,222,42,4,17,11,0,0,0,0,0,677,190,21,129,232,2888
Brisbane North,Nundah,Nudgee - Banyo,862,1114,356,42,15,38,9,0,0,0,0,0,697,199,11,111,208,3668
Brisbane North,Nundah,Nundah,1410,972,423,118,18,22,14,0,0,0,0,0,1984,476,36,274,640,6393
Brisbane North,Sandgate,Bracken Ridge,1585,2228,714,78,28,66,30,5,0,0,0,0,901,175,13,156,289,6274
Brisbane North,Sandgate,Brighton (Qld),902,1199,394,48,13,14,13,4,0,0,0,0,889,101,17,103,242,3936
Brisbane North,Sandgate,Deagon,316,370,195,15,6,12,11,0,0,0,0,0,493,62,8,65,165,1715
Brisbane North,Sandgate,Sandgate - Shorncliffe,552,800,222,22,6,19,4,0,0,0,0,0,797,63,27,125,233,2860
Brisbane North,Sandgate,Taigum - Fitzgibbon,1174,1325,479,71,25,51,22,0,0,4,0,0,1405,194,19,173,301,5237
Brisbane North,Sandgate,Zillmere,811,785,507,87,11,31,19,0,0,0,0,0,1097,255,7,179,305,4105
Brisbane South,Carindale,Camp Hill,863,1554,324,50,11,14,11,0,0,0,0,0,825,201,13,160,344,4364
Brisbane South,Carindale,Cannon Hill,512,647,164,37,10,23,8,0,0,0,0,0,530,152,19,164,183,2440
Brisbane South,Carindale,Carina,1079,1215,461,68,14,24,8,0,0,0,0,0,1062,240,25,150,359,4696
Brisbane South,Carindale,Carina Heights,696,638,329,43,8,14,7,0,0,3,0,0,670,174,8,82,228,2905
Brisbane South,Carindale,Carindale,1456,2262,439,57,28,55,18,0,0,0,0,0,810,125,27,115,262,5648
Brisbane South,Holland Park-Yeronga,Annerley,1114,924,335,120,16,14,9,0,0,3,0,0,1334,625,33,264,445,5239
Brisbane South,Holland Park-Yeronga,Coorparoo,1688,1603,417,125,21,23,18,0,0,0,0,0,2002,563,39,338,631,7464
Brisbane South,Holland Park-Yeronga,Fairfield - Dutton Park,419,391,153,38,3,8,3,0,0,0,0,0,477,278,17,78,180,2060
Brisbane South,Holland Park-Yeronga,Greenslopes,985,792,227,87,10,12,6,0,0,0,0,0,1204,456,27,196,417,4421
Brisbane South,Holland Park-Yeronga,Holland Park,616,1034,360,43,9,9,8,0,0,0,0,0,692,149,10,110,229,3276
Brisbane South,Holland Park-Yeronga,Holland Park West,649,731,194,44,15,12,6,0,0,0,0,0,572,136,18,78,199,2646
Brisbane South,Holland Park-Yeronga,Woolloongabba,517,325,122,60,6,7,8,5,0,0,0,0,654,372,70,219,377,2734
Brisbane South,Holland Park-Yeronga,Yeronga,945,969,271,85,7,8,3,0,0,0,0,0,1058,309,37,267,333,4289
Brisbane South,Mt Gravatt,Eight Mile Plains,1231,1788,440,101,46,117,33,0,6,11,0,0,833,319,125,179,300,5537
Brisbane South,Mt Gravatt,Macgregor (Qld),461,473,189,42,24,34,11,0,0,6,4,0,300,232,26,55,120,1980
Brisbane South,Mt Gravatt,Mansfield (Qld),662,1177,347,35,13,36,16,0,0,6,0,0,478,90,16,87,148,3099
Brisbane South,Mt Gravatt,Mount Gravatt,1368,1632,614,89,25,34,22,0,0,0,0,0,1375,336,30,222,448,6190
Brisbane South,Mt Gravatt,Rochedale - Burbank,464,966,140,12,15,49,11,0,0,3,0,0,186,44,53,63,231,2242
Brisbane South,Mt Gravatt,Upper Mount Gravatt,853,792,331,76,16,19,15,0,0,0,0,0,843,377,20,136,311,3795
Brisbane South,Mt Gravatt,Wishart,883,1460,402,42,20,53,16,0,0,3,0,0,602,109,10,93,179,3862
Brisbane South,Nathan,Coopers Plains,436,480,206,40,15,28,3,0,7,0,0,0,430,205,19,103,144,2115
Brisbane South,Nathan,Moorooka,1019,1114,346,71,10,19,7,0,0,0,0,0,1169,338,36,177,433,4728
Brisbane South,Nathan,Robertson,394,487,152,25,17,43,8,0,0,0,4,0,300,149,27,47,107,1774
Brisbane South,Nathan,Salisbury - Nathan,564,773,261,46,12,5,11,0,0,0,0,0,556,172,17,106,175,2697
Brisbane South,Nathan,Tarragindi,883,1464,328,53,12,18,9,0,0,0,0,0,594,150,13,127,209,3875
Brisbane South,Rocklea-Acacia Ridge,Algester,744,1031,354,30,15,43,19,0,0,0,0,0,487,117,14,73,161,3086
Brisbane South,Rocklea-Acacia Ridge,Calamvale - Stretton,1572,2875,667,108,73,162,35,3,0,6,0,0,703,298,38,213,345,7109
Brisbane South,Rocklea-Acacia Ridge,Pallara - Willawong,324,710,119,15,5,25,14,0,0,0,0,0,133,43,7,60,106,1567
Brisbane South,Rocklea-Acacia Ridge,Parkinson - Drewvale,1005,2406,404,47,28,113,31,0,0,9,0,0,407,118,20,101,193,4877
Brisbane South,Rocklea-Acacia Ridge,Rocklea - Acacia Ridge,682,838,552,69,16,36,34,0,0,0,7,0,809,235,19,221,294,3806
Brisbane South,Sunnybank,Kuraby,570,1162,224,16,23,54,25,0,0,0,0,0,314,70,15,64,148,2683
Brisbane South,Sunnybank,Runcorn,1063,1718,508,95,42,103,29,0,6,3,3,0,686,295,36,148,256,5001
Brisbane South,Sunnybank,Sunnybank,671,793,303,78,38,60,10,0,0,6,0,0,499,337,26,79,259,3169
Brisbane South,Sunnybank,Sunnybank Hills,1334,2008,601,117,59,145,41,6,0,3,0,0,967,380,45,209,367,6283
Brisbane West,Centenary,Jindalee - Mount Ommaney,745,1033,236,29,16,27,18,3,0,0,0,0,403,76,5,36,177,2793
Brisbane West,Centenary,Middle Park - Jamboree Heights,659,1002,237,27,10,23,15,0,0,0,0,0,395,76,7,37,164,2647
Brisbane West,Centenary,Riverhills,387,535,161,15,9,14,6,0,0,0,0,0,275,45,4,50,86,1587
Brisbane West,Centenary,Seventeen Mile Rocks - Sinnamon Park,791,1474,260,28,6,26,14,0,0,0,0,0,442,54,11,42,183,3336
Brisbane West,Centenary,Westlake,405,671,112,21,9,13,4,0,0,0,0,0,170,18,4,24,81,1537
Brisbane West,Kenmore-Brookfield-Moggill,Bellbowrie - Moggill,852,1500,350,25,16,26,17,0,4,0,0,0,399,58,10,75,180,3525
Brisbane West,Kenmore-Brookfield-Moggill,Brookfield - Kenmore Hills,574,983,164,10,15,25,4,0,0,0,0,0,297,22,17,55,164,2332
Brisbane West,Kenmore-Brookfield-Moggill,Chapel Hill,979,1501,258,34,11,30,4,4,0,0,0,0,460,129,15,66,222,3711
Brisbane West,Kenmore-Brookfield-Moggill,Fig Tree Pocket,289,682,94,6,9,10,5,0,0,0,0,0,125,26,8,33,97,1372
Brisbane West,Kenmore-Brookfield-Moggill,Kenmore,814,1223,319,35,16,19,13,0,0,0,0,0,523,100,17,43,217,3343
Brisbane West,Kenmore-Brookfield-Moggill,Pinjarra Hills - Pullenvale,466,836,107,6,10,22,4,0,0,0,0,0,178,12,7,27,115,1793
Brisbane West,Sherwood-Indooroopilly,Chelmer - Graceville,531,1139,213,30,8,14,0,0,0,0,0,0,426,83,9,58,189,2690
Brisbane West,Sherwood-Indooroopilly,Corinda,408,605,165,24,3,9,4,0,0,0,0,0,425,68,9,52,176,1943
Brisbane West,Sherwood-Indooroopilly,Indooroopilly,1072,1233,346,125,0,20,4,0,0,0,0,0,960,694,40,169,466,5138
Brisbane West,Sherwood-Indooroopilly,Sherwood,518,700,176,36,3,8,0,0,0,0,0,0,595,111,12,101,195,2468
Brisbane West,Sherwood-Indooroopilly,St Lucia,788,711,172,124,6,10,8,0,0,0,0,0,789,1017,82,223,382,4300
Brisbane West,Sherwood-Indooroopilly,Taringa,984,636,188,83,7,4,0,0,0,0,0,0,1134,606,46,144,431,4258
Brisbane West,The Gap-Enoggera,Enoggera,675,780,284,48,5,10,8,0,0,0,0,0,981,229,20,170,335,3547
Brisbane West,The Gap-Enoggera,Enoggera Reservoir,0,0,0,0,0,0,0,0,0,0,0,0,4,0,0,0,0,14
Brisbane West,The Gap-Enoggera,Keperra,693,733,396,38,6,16,11,0,0,0,0,0,761,73,3,57,221,3014
Brisbane West,The Gap-Enoggera,Mitchelton,710,1076,340,45,4,18,6,0,0,0,0,0,703,125,14,77,231,3349
Brisbane West,The Gap-Enoggera,Mount Coot-tha,0,0,0,0,0,0,0,0,0,0,0,0,0,0,0,0,0,0
Brisbane West,The Gap-Enoggera,The Gap,1506,2354,596,46,37,28,10,0,0,0,0,0,844,113,32,123,291,5983
Brisbane West,The Gap-Enoggera,Upper Kedron - Ferny Grove,842,1540,294,20,12,26,11,0,0,0,0,0,357,51,12,49,152,3372
Brisbane Inner City,Brisbane Inner,Brisbane City,1222,414,151,119,9,0,6,0,0,0,0,0,1394,728,395,320,826,5582
Brisbane Inner City,Brisbane Inner,Fortitude Valley,959,212,67,62,5,0,0,0,0,0,0,0,1396,538,99,428,683,4461
Brisbane Inner City,Brisbane Inner,Highgate Hill,512,512,197,39,6,9,5,0,0,0,0,0,747,332,47,184,280,2882
Brisbane Inner City,Brisbane Inner,Kangaroo Point,1191,333,163,54,3,8,0,0,0,0,0,0,1303,534,110,270,693,4672
Brisbane Inner City,Brisbane Inner,New Farm,1563,673,265,59,6,6,0,0,0,0,0,0,2213,664,97,688,769,7002
Brisbane Inner City,Brisbane Inner,South Brisbane,811,384,175,72,0,5,3,0,0,0,0,0,907,370,117,196,573,3611
Brisbane Inner City,Brisbane Inner,Spring Hill,571,251,104,41,5,5,4,0,0,0,0,0,744,470,119,165,433,2918
Brisbane Inner City,Brisbane Inner,West End,979,776,281,60,6,15,0,0,0,0,0,0,1161,504,95,405,533,4827
Brisbane Inner City,Brisbane Inner-East,Balmoral,369,565,141,17,0,5,3,0,0,0,0,0,347,98,9,84,186,1818
Brisbane Inner City,Brisbane Inner-East,Bulimba,708,767,181,40,0,7,0,0,0,0,0,0,578,136,24,167,294,2909
Brisbane Inner City,Brisbane Inner-East,East Brisbane,611,414,111,55,10,7,7,0,0,0,0,0,705,356,32,154,325,2785
Brisbane Inner City,Brisbane Inner-East,Hawthorne,424,670,150,25,5,3,4,0,0,0,0,0,398,105,11,52,226,2073
Brisbane Inner City,Brisbane Inner-East,Morningside - Seven Hills,1294,1236,448,98,12,16,4,0,0,0,0,0,1262,518,41,251,593,5767
Brisbane Inner City,Brisbane Inner-East,Norman Park,564,809,181,28,6,5,0,0,0,0,0,0,479,176,13,118,233,2615
Brisbane Inner City,Brisbane Inner-North,Albion,316,211,73,19,0,3,0,0,0,0,0,0,404,143,13,70,233,1487
Brisbane Inner City,Brisbane Inner-North,Alderley,575,665,182,46,10,7,0,0,0,0,0,0,634,209,19,84,243,2675
Brisbane Inner City,Brisbane Inner-North,Ascot,527,552,129,42,3,6,4,0,0,0,0,0,720,123,23,109,316,2546
Brisbane Inner City,Brisbane Inner-North,Clayfield,1018,1005,331,76,10,13,3,0,0,0,0,0,1505,319,49,198,606,5135
Brisbane Inner City,Brisbane Inner-North,Grange,315,641,125,18,0,8,0,0,0,0,0,0,278,67,4,38,123,1617
Brisbane Inner City,Brisbane Inner-North,Hamilton (Qld),811,507,154,34,3,6,0,0,0,0,0,0,946,188,47,294,603,3599
Brisbane Inner City,Brisbane Inner-North,Hendra,429,619,152,25,6,3,7,0,0,0,0,0,326,75,17,69,182,1912
Brisbane Inner City,Brisbane Inner-North,Kelvin Grove - Herston,828,689,230,103,5,14,0,3,0,0,0,0,944,805,63,241,379,4310
Brisbane Inner City,Brisbane Inner-North,Newmarket,433,483,149,41,7,7,6,0,0,0,0,0,556,243,9,75,166,2163
Brisbane Inner City,Brisbane Inner-North,Newstead - Bowen Hills,1756,432,148,71,12,4,0,0,0,0,0,0,1813,574,96,680,944,6528
Brisbane Inner City,Brisbane Inner-North,Wilston,321,513,89,29,3,4,5,0,0,0,0,0,304,101,8,44,147,1554
Brisbane Inner City,Brisbane Inner-North,Windsor,726,673,200,71,6,8,5,0,0,0,0,0,832,384,20,112,342,3383
Brisbane Inner City,Brisbane Inner-North,Wooloowin - Lutwyche,917,968,282,65,10,21,4,0,0,0,0,0,1124,372,35,195,523,4515
Brisbane Inner City,Brisbane Inner-West,Ashgrove,966,1843,383,73,15,13,4,0,0,0,0,0,932,254,81,170,448,5184
Brisbane Inner City,Brisbane Inner-West,Auchenflower,616,442,103,54,3,3,5,0,0,0,0,0,597,313,30,164,309,2641
Brisbane Inner City,Brisbane Inner-West,Bardon,748,1340,270,47,8,10,4,0,0,0,0,0,624,183,31,114,304,3686
Brisbane Inner City,Brisbane Inner-West,Paddington - Milton,1096,976,239,81,8,14,7,0,0,0,0,0,1123,614,58,216,662,5093
Brisbane Inner City,Brisbane Inner-West,Red Hill (Qld),553,528,147,26,8,3,0,0,0,0,0,0,601,271,18,162,224,2544
Brisbane Inner City,Brisbane Inner-West,Toowong,1107,798,220,141,3,4,3,0,0,0,0,0,1185,787,49,295,433,5031
,,Total,112336,135031,39784,6785,1786,3307,1505,108,62,112,55,6,101748,29647,4274,18491,41373,496428