,SEXP Sex,,Male,Female,Total
SA4,SA3,SA2,,,
Brisbane East,Capalaba,Alexandra Hills,7933,8271,16207
Brisbane East,Capalaba,Belmont - Gumdale,3667,3672,7339
Brisbane East,Capalaba,Birkdale,7175,7504,14680
Brisbane East,Capalaba,Capalaba,8555,8819,17374
Brisbane East,Capalaba,Thorneside,1829,1896,3725
Brisbane East,Capalaba,Wellington Point,5531,5824,11357
Brisbane East,Cleveland-Stradbroke,Cleveland,6917,7784,14704
Brisbane East,Cleveland-Stradbroke,Ormiston,2719,2981,5702
Brisbane East,Cleveland-Stradbroke,Redland Bay,7566,7779,15348
Brisbane East,Cleveland-Stradbroke,Sheldon - Mount Cotton,3934,3877,7814
Brisbane East,Cleveland-Stradbroke,Thornlands,7052,7521,14575
Brisbane East,Cleveland-Stradbroke,Victoria Point,6914,7825,14735
Brisbane East,Cleveland-Stradbroke,Redland Islands,4712,4642,9355
Brisbane East,Wynnum-Manly,Brisbane Port - Lytton,11,0,12
Brisbane East,Wynnum-Manly,Manly - Lota,3569,3735,7304
Brisbane East,Wynnum-Manly,Manly West,5324,5907,11238
Brisbane East,Wynnum-Manly,Murarrie,2020,2039,4058
Brisbane East,Wynnum-Manly,Tingalpa,4145,4382,8522
Brisbane East,Wynnum-Manly,Wakerley,4373,4578,8955
Brisbane East,Wynnum-Manly,Wynnum,6333,6718,13050
Brisbane East,Wynnum-Manly,Wynnum West - Hemmant,6990,7580,14573
Brisbane North,Bald Hills-Everton Park,Bald Hills,3559,3716,7272
Brisbane North,Bald Hills-Everton Park,Bridgeman Downs,3858,4251,8107
Brisbane North,Bald Hills-Everton Park,Carseldine,4207,4798,9005
Brisbane North,Bald Hills-Everton Park,Everton Park,4137,4552,8693
Brisbane North,Bald Hills-Everton Park,McDowall,3617,3911,7528
Brisbane North,Chermside,Aspley,5917,6399,12318
Brisbane North,Chermside,Chermside,4744,5536,10277
Brisbane North,Chermside,Chermside West,3052,3162,6214
Brisbane North,Chermside,Geebung,2100,2202,4297
Brisbane North,Chermside,Kedron - Gordon Park,6533,6915,13444
Brisbane North,Chermside,Stafford,3056,3363,6417
Brisbane North,Chermside,Stafford Heights,3229,3560,6784
Brisbane North,Chermside,Wavell Heights,4617,5043,9657
Brisbane North,Nundah,Boondall,4683,4606,9286
Brisbane North,Nundah,Brisbane Airport,127,63,191
Brisbane North,Nundah,Eagle Farm - Pinkenba,393,396,792
Brisbane North,Nundah,Northgate - Virginia,3250,3312,6568
Brisbane North,Nundah,Nudgee - Banyo,4620,4852,9474
Brisbane North,Nundah,Nundah,5922,6142,12067
Brisbane North,Sandgate,Bracken Ridge,8243,8579,16820
Brisbane North,Sandgate,Brighton (Qld),4547,4846,9396
Brisbane North,Sandgate,Deagon,1755,1796,3554
Brisbane North,Sandgate,Sandgate - Shorncliffe,3237,3501,6733
Brisbane North,Sandgate,Taigum - Fitzgibbon,5690,6551,12243
Brisbane North,Sandgate,Zillmere,4408,4548,8960
Brisbane South,Carindale,Camp Hill,5322,5681,11001
Brisbane South,Carindale,Cannon Hill,2809,2918,5730
Brisbane South,Carindale,Carina,5091,5811,10905
Brisbane South,Carindale,Carina Heights,3100,3511,6612
Brisbane South,Carindale,Carindale,7515,8097,15611
Brisbane South,Holland Park-Yeronga,Annerley,5646,5754,11395
Brisbane South,Holland Park-Yeronga,Coorparoo,7728,8141,15866
Brisbane South,Holland Park-Yeronga,Fairfield - Dutton Park,2413,2383,4796
Brisbane South,Holland Park-Yeronga,Greenslopes,4690,4808,9492
Brisbane South,Holland Park-Yeronga,Holland Park,3910,4315,8225
Brisbane South,Holland Park-Yeronga,Holland Park West,3042,3234,6275
Brisbane South,Holland Park-Yeronga,Woolloongabba,3354,3092,6447
Brisbane South,Holland Park-Yeronga,Yeronga,4564,4835,9400
Brisbane South,Mt Gravatt,Eight Mile Plains,7715,7952,15663
Brisbane South,Mt Gravatt,Macgregor (Qld),2914,3088,6004
Brisbane South,Mt Gravatt,Mansfield (Qld),4197,4502,8699
Brisbane South,Mt Gravatt,Mount Gravatt,7128,7723,14855
Brisbane South,Mt Gravatt,Rochedale - Burbank,3162,3275,6438
Brisbane South,Mt Gravatt,Upper Mount Gravatt,4610,4963,9572
Brisbane South,Mt Gravatt,Wishart,5038,5721,10757
Brisbane South,Nathan,Coopers Plains,2837,2862,5705
Brisbane South,Nathan,Moorooka,5149,5163,10313
Brisbane South,Nathan,Robertson,2649,2668,5318
Brisbane South,Nathan,Salisbury - Nathan,3603,3592,7199
Brisbane South,Nathan,Tarragindi,5128,5437,10563
Brisbane South,Rocklea-Acacia Ridge,Algester,4197,4251,8454
Brisbane South,Rocklea-Acacia Ridge,Calamvale - Stretton,10534,11172,21704
Brisbane South,Rocklea-Acacia Ridge,Pallara - Willawong,2313,2412,4728
Brisbane South,Rocklea-Acacia Ridge,Parkinson - Drewvale,7661,8028,15687
Brisbane South,Rocklea-Acacia Ridge,Rocklea - Acacia Ridge,4925,4646,9573
Brisbane South,Sunnybank,Kuraby,4137,4291,8427
Brisbane South,Sunnybank,Runcorn,7327,7352,14681
Brisbane South,Sunnybank,Sunnybank,4581,4573,9157
Brisbane South,Sunnybank,Sunnybank Hills,9013,9345,18355
Brisbane West,Centenary,Jindalee - Mount Ommaney,3674,3846,7520
Brisbane West,Centenary,Middle Park - Jamboree Heights,3465,3549,7012
Brisbane West,Centenary,Riverhills,1962,2056,4022
Brisbane West,Centenary,Seventeen Mile Rocks - Sinnamon Park,4513,4991,9506
Brisbane West,Centenary,Westlake,2096,2194,4292
Brisbane West,Kenmore-Brookfield-Moggill,Bellbowrie - Moggill,4885,5172,10056
Brisbane West,Kenmore-Brookfield-Moggill,Brookfield - Kenmore Hills,3230,3448,6684
Brisbane West,Kenmore-Brookfield-Moggill,Chapel Hill,4960,5277,10232
Brisbane West,Kenmore-Brookfield-Moggill,Fig Tree Pocket,1974,2032,4006
Brisbane West,Kenmore-Brookfield-Moggill,Kenmore,4174,4552,8722
Brisbane West,Kenmore-Brookfield-Moggill,Pinjarra Hills - Pullenvale,2603,2711,5313
Brisbane West,Sherwood-Indooroopilly,Chelmer - Graceville,3549,3720,7269
Brisbane West,Sherwood-Indooroopilly,Corinda,2291,2480,4779
Brisbane West,Sherwood-Indooroopilly,Indooroopilly,6011,6264,12275
Brisbane West,Sherwood-Indooroopilly,Sherwood,2624,2971,5599
Brisbane West,Sherwood-Indooroopilly,St Lucia,6478,7065,13550
Brisbane West,Sherwood-Indooroopilly,Taringa,4051,4370,8418
Brisbane West,The Gap-Enoggera,Enoggera,4171,3899,8076
Brisbane West,The Gap-Enoggera,Enoggera Reservoir,13,12,24
Brisbane West,The Gap-Enoggera,Keperra,3274,3778,7051
Brisbane West,The Gap-Enoggera,Mitchelton,3967,4294,8262
Brisbane West,The Gap-Enoggera,Mount Coot-tha,0,0,0
Brisbane West,The Gap-Enoggera,The Gap,7897,8406,16309
Brisbane West,The Gap-Enoggera,Upper Kedron - Ferny Grove,4777,5038,9814
Brisbane Inner City,Brisbane Inner,Brisbane City,9469,8665,18133
Brisbane Inner City,Brisbane Inner,Fortitude Valley,4284,3676,7964
Brisbane Inner City,Brisbane Inner,Highgate Hill,3215,3224,6437
Brisbane Inner City,Brisbane Inner,Kangaroo Point,4642,4475,9111
Brisbane Inner City,Brisbane Inner,New Farm,6266,6506,12763
Brisbane Inner City,Brisbane Inner,South Brisbane,4603,4899,9498
Brisbane Inner City,Brisbane Inner,Spring Hill,4422,3717,8139
Brisbane Inner City,Brisbane Inner,West End,4835,4837,9676
Brisbane Inner City,Brisbane Inner-East,Balmoral,1988,2164,4146
Brisbane Inner City,Brisbane Inner-East,Bulimba,3190,3361,6552
Brisbane Inner City,Brisbane Inner-East,East Brisbane,2969,2730,5704
Brisbane Inner City,Brisbane Inner-East,Hawthorne,2300,2515,4811
Brisbane Inner City,Brisbane Inner-East,Morningside - Seven Hills,5970,6399,12364
Brisbane Inner City,Brisbane Inner-East,Norman Park,3020,3179,6195
Brisbane Inner City,Brisbane Inner-North,Albion,1353,1582,2933
Brisbane Inner City,Brisbane Inner-North,Alderley,2884,2968,5854
Brisbane Inner City,Brisbane Inner-North,Ascot,2545,2624,5169
Brisbane Inner City,Brisbane Inner-North,Clayfield,4941,5453,10392
Brisbane Inner City,Brisbane Inner-North,Grange,2016,2162,4170
Brisbane Inner City,Brisbane Inner-North,Hamilton (Qld),3352,3319,6670
Brisbane Inner City,Brisbane Inner-North,Hendra,2332,2409,4744
Brisbane Inner City,Brisbane Inner-North,Kelvin Grove - Herston,5410,5580,10994
Brisbane Inner City,Brisbane Inner-North,Newmarket,2406,2492,4900
Brisbane Inner City,Brisbane Inner-North,Newstead - Bowen Hills,5686,5726,11413
Brisbane Inner City,Brisbane Inner-North,Wilston,1911,1938,3849
Brisbane Inner City,Brisbane Inner-North,Windsor,3590,3649,7236
Brisbane Inner City,Brisbane Inner-North,Wooloowin - Lutwyche,4800,4846,9642
Brisbane Inner City,Brisbane Inner-West,Ashgrove,6499,6652,13153
Brisbane Inner City,Brisbane Inner-West,Auchenflower,2944,3004,5955
Brisbane Inner City,Brisbane Inner-West,Bardon,4503,5056,9562
Brisbane Inner City,Brisbane Inner-West,Paddington - Milton,5255,5457,10719
Brisbane Inner City,Brisbane Inner-West,Red Hill (Qld),2845,2819,5665
Brisbane Inner City,Brisbane Inner-West,Toowong,5362,5662,11024
,,Total,593215,621392,1214604