,TENLLD Tenure and Landlord Type,,Owned outright,Owned with a mortgage,Rented: Real estate agent,Rented: State or territory housing authority,Rented: Person not in same household,"Rented: Housing co-operative, community or church group",Rented: Other landlord type,Rented: Landlord type not stated,Other tenure type,Tenure type not stated,Tenure type not applicable
SA4,SA3,SA2,,,,,,,,,,,
Brisbane East,Capalaba,Alexandra Hills,1523,2723,618,251,303,49,17,9,50,265,334
Brisbane East,Capalaba,Belmont - Gumdale,882,1009,228,24,104,5,12,20,13,118,171
Brisbane East,Capalaba,Birkdale,1728,2112,620,118,227,26,18,11,110,214,313
Brisbane East,Capalaba,Capalaba,1879,2707,911,339,346,19,40,30,16,282,360
Brisbane East,Capalaba,Thorneside,489,527,291,50,118,5,22,4,5,93,105
Brisbane East,Capalaba,Wellington Point,1312,1690,606,72,178,0,10,19,9,146,258
Brisbane East,Cleveland-Stradbroke,Cleveland,2161,1575,1158,379,353,26,26,25,109,388,629
Brisbane East,Cleveland-Stradbroke,Ormiston,889,752,304,12,121,6,5,13,22,86,249
Brisbane East,Cleveland-Stradbroke,Redland Bay,1417,2305,911,74,213,5,19,9,24,309,329
Brisbane East,Cleveland-Stradbroke,Sheldon - Mount Cotton,571,1510,234,0,84,0,4,11,7,113,139
Brisbane East,Cleveland-Stradbroke,Thornlands,1291,2218,740,36,180,96,18,11,100,204,302
Brisbane East,Cleveland-Stradbroke,Victoria Point,1850,1852,811,84,266,58,15,13,377,284,422
Brisbane East,Cleveland-Stradbroke,Redland Islands,1751,978,760,28,436,37,44,34,29,423,1932
Brisbane East,Wynnum-Manly,Brisbane Port - Lytton,0,0,0,0,0,0,0,0,0,0,0
Brisbane East,Wynnum-Manly,Manly - Lota,939,988,538,64,129,3,9,8,87,170,286
Brisbane East,Wynnum-Manly,Manly West,1252,1640,588,149,183,22,16,15,85,194,245
Brisbane East,Wynnum-Manly,Murarrie,314,586,309,61,74,9,4,6,3,124,115
Brisbane East,Wynnum-Manly,Tingalpa,929,1328,535,43,215,12,18,6,14,164,217
Brisbane East,Wynnum-Manly,Wakerley,517,1504,579,13,83,7,9,6,10,106,161
Brisbane East,Wynnum-Manly,Wynnum,1392,1681,1121,336,324,22,16,25,22,311,421
Brisbane East,Wynnum-Manly,Wynnum West - Hemmant,1359,2000,983,274,326,25,33,28,20,523,378
Brisbane North,Bald Hills-Everton Park,Bald Hills,656,1162,432,38,133,3,14,13,12,89,159
Brisbane North,Bald Hills-Everton Park,Bridgeman Downs,1147,1070,243,0,83,4,17,8,18,86,174
Brisbane North,Bald Hills-Everton Park,Carseldine,1176,1021,566,11,178,50,104,16,75,141,224
Brisbane North,Bald Hills-Everton Park,Everton Park,1028,1168,853,99,229,4,81,12,13,161,348
Brisbane North,Bald Hills-Everton Park,McDowall,950,1019,286,17,97,0,138,6,9,109,125
Brisbane North,Chermside,Aspley,1774,1570,634,33,256,34,194,8,174,331,298
Brisbane North,Chermside,Chermside,664,626,1594,452,319,69,38,19,166,375,475
Brisbane North,Chermside,Chermside West,909,804,353,3,105,0,11,4,13,108,136
Brisbane North,Chermside,Geebung,518,605,260,20,103,3,10,4,8,80,103
Brisbane North,Chermside,Kedron - Gordon Park,1095,1793,1609,189,457,28,39,25,20,364,538
Brisbane North,Chermside,Stafford,536,785,775,316,202,8,34,11,6,158,315
Brisbane North,Chermside,Stafford Heights,847,904,300,240,124,4,7,0,33,212,165
Brisbane North,Chermside,Wavell Heights,1092,1461,674,71,167,10,10,17,15,163,280
Brisbane North,Nundah,Boondall,1081,1210,542,69,182,25,29,16,64,140,188
Brisbane North,Nundah,Brisbane Airport,7,23,3,0,5,0,0,0,0,5,7
Brisbane North,Nundah,Eagle Farm - Pinkenba,63,92,165,0,30,4,4,5,4,65,132
Brisbane North,Nundah,Northgate - Virginia,578,913,609,138,167,16,16,12,8,199,232
Brisbane North,Nundah,Nudgee - Banyo,920,1391,583,69,214,34,12,17,13,208,208
Brisbane North,Nundah,Nundah,792,1376,2362,290,392,72,28,25,17,397,640
Brisbane North,Sandgate,Bracken Ridge,1766,2468,918,136,268,25,49,19,65,265,289
Brisbane North,Sandgate,Brighton (Qld),1155,1478,547,28,163,10,85,19,20,190,242
Brisbane North,Sandgate,Deagon,408,529,306,21,86,39,12,14,10,126,165
Brisbane North,Sandgate,Sandgate - Shorncliffe,733,840,464,173,151,11,9,18,44,192,233
Brisbane North,Sandgate,Taigum - Fitzgibbon,1186,1725,1103,173,241,45,98,23,60,278,301
Brisbane North,Sandgate,Zillmere,666,858,1206,500,220,21,28,21,9,267,305
Brisbane South,Carindale,Camp Hill,1030,1634,807,60,218,14,8,14,13,225,344
Brisbane South,Carindale,Cannon Hill,569,757,508,39,121,7,16,6,7,231,183
Brisbane South,Carindale,Carina,1155,1434,997,162,258,14,23,14,40,249,359
Brisbane South,Carindale,Carina Heights,600,776,706,284,138,6,3,11,7,147,228
Brisbane South,Carindale,Carindale,2497,1868,533,12,174,6,28,22,47,205,262
Brisbane South,Holland Park-Yeronga,Annerley,769,1170,1614,277,501,19,28,22,16,373,445
Brisbane South,Holland Park-Yeronga,Coorparoo,1481,1913,2105,207,492,15,31,16,98,478,631
Brisbane South,Holland Park-Yeronga,Fairfield - Dutton Park,377,449,525,113,214,42,17,6,13,128,180
Brisbane South,Holland Park-Yeronga,Greenslopes,588,955,1503,210,382,16,17,18,16,292,417
Brisbane South,Holland Park-Yeronga,Holland Park,663,1148,542,341,137,16,3,13,17,180,229
Brisbane South,Holland Park-Yeronga,Holland Park West,644,860,532,96,154,8,14,12,5,122,199
Brisbane South,Holland Park-Yeronga,Woolloongabba,278,389,858,119,275,38,16,23,11,351,377
Brisbane South,Holland Park-Yeronga,Yeronga,975,1059,983,195,252,24,13,21,73,364,333
Brisbane South,Mt Gravatt,Eight Mile Plains,1595,1562,944,25,378,27,351,21,19,312,300
Brisbane South,Mt Gravatt,Macgregor (Qld),764,398,305,9,210,6,29,11,10,122,120
Brisbane South,Mt Gravatt,Mansfield (Qld),1005,1033,401,179,141,19,17,6,13,138,148
Brisbane South,Mt Gravatt,Mount Gravatt,1340,1932,1154,499,363,48,30,23,19,338,448
Brisbane South,Mt Gravatt,Rochedale - Burbank,653,963,137,0,88,8,31,10,13,108,231
Brisbane South,Mt Gravatt,Upper Mount Gravatt,962,913,848,85,300,38,26,27,69,219,311
Brisbane South,Mt Gravatt,Wishart,1372,1298,496,50,200,27,17,13,59,147,179
Brisbane South,Nathan,Coopers Plains,437,493,399,198,193,29,27,5,17,171,144
Brisbane South,Nathan,Moorooka,952,1362,1048,239,350,24,15,17,13,275,433
Brisbane South,Nathan,Robertson,616,334,303,11,135,12,26,7,11,211,107
Brisbane South,Nathan,Salisbury - Nathan,651,997,431,45,202,6,16,16,11,154,175
Brisbane South,Nathan,Tarragindi,1239,1496,463,49,176,10,14,12,18,205,209
Brisbane South,Rocklea-Acacia Ridge,Algester,782,1205,563,48,148,9,40,12,3,125,161
Brisbane South,Rocklea-Acacia Ridge,Calamvale - Stretton,1866,2726,1323,36,346,39,41,24,26,341,345
Brisbane South,Rocklea-Acacia Ridge,Pallara - Willawong,244,717,313,0,62,0,31,0,0,95,106
Brisbane South,Rocklea-Acacia Ridge,Parkinson - Drewvale,979,2493,767,3,166,14,22,7,58,183,193
Brisbane South,Rocklea-Acacia Ridge,Rocklea - Acacia Ridge,709,953,757,372,295,13,42,17,18,333,294
Brisbane South,Sunnybank,Kuraby,761,995,408,32,110,17,28,7,54,119,148
Brisbane South,Sunnybank,Runcorn,1219,1577,1073,63,400,30,72,25,15,265,256
Brisbane South,Sunnybank,Sunnybank,1044,654,517,81,321,19,43,14,28,194,259
Brisbane South,Sunnybank,Sunnybank Hills,2043,1802,903,78,423,22,109,15,34,480,367
Brisbane West,Centenary,Jindalee - Mount Ommaney,1018,1071,292,0,113,3,10,9,30,66,177
Brisbane West,Centenary,Middle Park - Jamboree Heights,851,1055,370,8,116,0,6,7,9,69,164
Brisbane West,Centenary,Riverhills,360,675,296,0,77,11,6,5,0,63,86
Brisbane West,Centenary,Seventeen Mile Rocks - Sinnamon Park,1013,1439,429,16,131,8,22,4,9,72,183
Brisbane West,Centenary,Westlake,593,656,128,0,38,0,4,4,4,31,81
Brisbane West,Kenmore-Brookfield-Moggill,Bellbowrie - Moggill,911,1670,456,0,109,5,28,18,9,133,180
Brisbane West,Kenmore-Brookfield-Moggill,Brookfield - Kenmore Hills,973,831,116,0,73,29,7,10,47,91,164
Brisbane West,Kenmore-Brookfield-Moggill,Chapel Hill,1439,1406,379,3,124,0,6,12,13,110,222
Brisbane West,Kenmore-Brookfield-Moggill,Fig Tree Pocket,530,540,98,4,48,0,0,0,0,36,97
Brisbane West,Kenmore-Brookfield-Moggill,Kenmore,1173,1317,347,7,145,4,13,9,7,101,217
Brisbane West,Kenmore-Brookfield-Moggill,Pinjarra Hills - Pullenvale,635,822,85,3,40,3,0,4,39,53,115
Brisbane West,Sherwood-Indooroopilly,Chelmer - Graceville,873,989,383,3,123,7,10,6,12,96,189
Brisbane West,Sherwood-Indooroopilly,Corinda,529,594,322,88,108,6,12,7,9,81,176
Brisbane West,Sherwood-Indooroopilly,Indooroopilly,1271,1000,1622,52,397,3,36,20,20,265,466
Brisbane West,Sherwood-Indooroopilly,Sherwood,635,670,573,72,142,6,10,6,11,142,195
Brisbane West,Sherwood-Indooroopilly,St Lucia,972,552,1487,4,496,5,51,18,25,300,382
Brisbane West,Sherwood-Indooroopilly,Taringa,841,749,1390,52,435,13,25,12,53,253,431
Brisbane West,The Gap-Enoggera,Enoggera,578,841,846,319,173,25,174,10,21,233,335
Brisbane West,The Gap-Enoggera,Enoggera Reservoir,0,0,0,0,4,0,0,0,0,0,0
Brisbane West,The Gap-Enoggera,Keperra,806,865,401,296,93,10,12,5,137,150,221
Brisbane West,The Gap-Enoggera,Mitchelton,779,1078,566,145,179,60,145,7,19,129,231
Brisbane West,The Gap-Enoggera,Mount Coot-tha,0,0,0,0,0,0,0,0,0,0,0
Brisbane West,The Gap-Enoggera,The Gap,2226,2392,551,40,226,3,33,13,18,194,291
Brisbane West,The Gap-Enoggera,Upper Kedron - Ferny Grove,942,1389,390,47,93,0,265,5,9,83,152
Brisbane Inner City,Brisbane Inner,Brisbane City,744,797,1864,14,550,20,78,37,39,617,826
Brisbane Inner City,Brisbane Inner,Fortitude Valley,189,522,1745,175,371,86,53,26,23,575,683
Brisbane Inner City,Brisbane Inner,Highgate Hill,519,527,794,91,354,13,22,18,13,247,280
Brisbane Inner City,Brisbane Inner,Kangaroo Point,675,675,1491,183,449,29,32,22,15,404,693
Brisbane Inner City,Brisbane Inner,New Farm,1189,1009,2120,258,632,74,36,27,35,850,769
Brisbane Inner City,Brisbane Inner,South Brisbane,400,431,1389,20,405,12,38,20,10,305,573
Brisbane Inner City,Brisbane Inner,Spring Hill,254,399,958,122,336,47,44,10,13,301,433
Brisbane Inner City,Brisbane Inner,West End,726,750,1458,178,510,40,45,20,39,530,533
Brisbane Inner City,Brisbane Inner-East,Balmoral,375,575,422,48,86,0,7,4,8,114,186
Brisbane Inner City,Brisbane Inner-East,Bulimba,594,786,767,34,195,3,8,4,7,222,294
Brisbane Inner City,Brisbane Inner-East,East Brisbane,399,539,866,120,228,6,26,13,7,249,325
Brisbane Inner City,Brisbane Inner-East,Hawthorne,413,628,517,64,121,0,9,6,6,88,226
Brisbane Inner City,Brisbane Inner-East,Morningside - Seven Hills,841,1652,1642,295,326,4,10,29,19,364,593
Brisbane Inner City,Brisbane Inner-East,Norman Park,514,902,568,54,151,4,6,5,10,170,233
Brisbane Inner City,Brisbane Inner-North,Albion,224,271,451,16,124,13,4,5,33,113,233
Brisbane Inner City,Brisbane Inner-North,Alderley,575,771,653,88,173,6,12,9,11,141,243
Brisbane Inner City,Brisbane Inner-North,Ascot,554,563,658,80,180,3,12,9,11,158,316
Brisbane Inner City,Brisbane Inner-North,Clayfield,1066,1170,1517,64,330,18,17,17,23,299,606
Brisbane Inner City,Brisbane Inner-North,Grange,439,623,254,5,82,3,0,5,11,64,123
Brisbane Inner City,Brisbane Inner-North,Hamilton (Qld),634,636,1034,33,240,15,19,10,17,365,603
Brisbane Inner City,Brisbane Inner-North,Hendra,532,659,278,0,118,0,11,7,4,112,182
Brisbane Inner City,Brisbane Inner-North,Kelvin Grove - Herston,452,751,1696,90,428,67,53,10,22,370,379
Brisbane Inner City,Brisbane Inner-North,Newmarket,391,507,608,96,157,9,5,8,28,183,166
Brisbane Inner City,Brisbane Inner-North,Newstead - Bowen Hills,629,1005,2338,168,488,71,39,27,16,802,944
Brisbane Inner City,Brisbane Inner-North,Wilston,404,449,349,23,94,0,3,4,3,80,147
Brisbane Inner City,Brisbane Inner-North,Windsor,502,777,1113,152,242,25,31,9,12,186,342
Brisbane Inner City,Brisbane Inner-North,Wooloowin - Lutwyche,714,1069,1356,130,360,29,33,20,18,276,523
Brisbane Inner City,Brisbane Inner-West,Ashgrove,1364,1767,930,26,260,17,16,13,17,326,448
Brisbane Inner City,Brisbane Inner-West,Auchenflower,500,528,816,0,245,4,18,6,4,215,309
Brisbane Inner City,Brisbane Inner-West,Bardon,1128,1267,547,17,203,10,7,10,18,171,304
Brisbane Inner City,Brisbane Inner-West,Paddington - Milton,902,1138,1527,77,392,33,21,21,14,301,662
Brisbane Inner City,Brisbane Inner-West,Red Hill (Qld),437,649,691,57,205,9,14,5,18,232,224
Brisbane Inner City,Brisbane Inner-West,Toowong,945,985,1684,22,513,15,35,19,23,369,433
,,Total,119238,147255,102624,13690,30188,2474,4265,1755,3913,29639,41373